{
    "symbol": "BTCUSDT",
    "timestamp": "2025-04-25T01:52:16.364620+00:00",
    "price": {
        "last": 93751.96,
        "average": 93880.1343333333,
        "change_1m": 0.0,
        "change_5m": -0.09,
        "change_15m": -0.06,
        "high_1h": 94347.53,
        "low_1h": 93626.24
    },
    "volume": {
        "last": 0.29576,
        "average": 1.4735241666666667,
        "activity": "low"
    },
    "indicators": {
        "rsi": 44.49,
        "macd": -15.84003,
        "macd_signal": -21.90048,
        "macd_trend": "bullish",
        "ema20": 93784.96,
        "ema50": 93830.61,
        "bollinger": {
            "upper": 93865.3,
            "middle": 93766.43,
            "lower": 93667.56
        },
        "stochastic": {
            "k": 36.79,
            "d": 43.6
        }
    },
    "market_depth": {
        "bid_volume": 2.09,
        "ask_volume": 2.44,
        "spread": 0.00999999999476131
    },
    "trend": "downtrend",
    "recommendation": "sell",
    "mode": "hourly"
}