{
  "BTCUSDT": {
    "entry_price": 108343.01,
    "action": "buy",
    "status": "closed",
    "peak_price": 108343.01,
    "open_time": "2025-05-25T22:21:11.282402",
    "close_time": "2025-05-25T22:22:33.042812",
    "close_price": 108343.01,
    "pnl": 0.0,
    "pnl_percent": 0.0
  },
  "XRPUSDT": {
    "entry_price": 2.42,
    "action": "buy",
    "status": "closed",
    "peak_price": 2.44
  },
  "ETHUSDT": {
    "entry_price": 2560.34,
    "action": "buy",
    "status": "closed",
    "peak_price": 2560.34,
    "open_time": "2025-05-26T01:10:15.852372",
    "close_time": "2025-05-26T02:06:07.690551",
    "close_price": 2560.34,
    "pnl": 0.0,
    "pnl_percent": 0.0
  },
  "BNBUSDT": {
    "entry_price": 670.92,
    "action": "buy",
    "status": "closed",
    "peak_price": 670.92,
    "open_time": "2025-05-26T02:14:44.513232",
    "close_time": "2025-05-27T21:37:50.485625",
    "close_price": 670.92,
    "pnl": 0.0,
    "pnl_percent": 0.0
  },
  "DOTUSDT": {
    "entry_price": 4.86,
    "action": "buy",
    "status": "closed",
    "peak_price": 4.98,
    "close_price": 4.86,
    "pnl": 0.0,
    "pnl_percent": 0.0,
    "close_time": "2025-05-23T17:18:34.216122"
  },
  "ADAUSDT": {
    "entry_price": 0.8,
    "action": "buy",
    "status": "closed",
    "peak_price": 0.81,
    "close_price": 0.8,
    "pnl": 0.0,
    "pnl_percent": 0.0,
    "close_time": "2025-05-23T17:18:30.681896"
  },
  "SOLUSDT": {
    "entry_price": 170.88,
    "action": "buy",
    "status": "closed",
    "peak_price": 173.54
  },
  "TESTUSDT": {
    "entry_price": 100.0,
    "action": "buy",
    "status": "closed",
    "peak_price": 100.0,
    "open_time": "2025-05-23T19:07:56.399048",
    "close_time": "2025-05-23T19:07:56.483429",
    "close_price": 110.0,
    "pnl": 10.0,
    "pnl_percent": 10.0
  }
}