[
  {
    "timestamp": "2025-05-23T19:39:32.962650",
    "key": "USE_TESTNET",
    "old": "true***",
    "new": "false***"
  },
  {
    "timestamp": "2025-05-23T19:39:35.655328",
    "key": "USE_TESTNET",
    "old": "false***",
    "new": "true***"
  },
  {
    "timestamp": "2025-05-23T19:39:47.718029",
    "key": "USE_TESTNET",
    "old": "true***",
    "new": "false***"
  },
  {
    "timestamp": "2025-05-23T19:39:51.535368",
    "key": "USE_TESTNET",
    "old": "false***",
    "new": "true***"
  },
  {
    "timestamp": "2025-05-23T21:40:48.906566",
    "key": "USE_TESTNET",
    "old": "true***",
    "new": "false***"
  },
  {
    "timestamp": "2025-05-23T21:40:50.432162",
    "key": "USE_TESTNET",
    "old": "false***",
    "new": "true***"
  },
  {
    "timestamp": "2025-05-23T22:04:31.291588",
    "key": "USE_TESTNET",
    "old": "true***",
    "new": "false***"
  },
  {
    "timestamp": "2025-05-23T22:04:37.790806",
    "key": "USE_TESTNET",
    "old": "false***",
    "new": "true***"
  },
  {
    "timestamp": "2025-05-23T22:29:27.971549",
    "key": "USE_TESTNET",
    "old": "true***",
    "new": "false***"
  },
  {
    "timestamp": "2025-05-23T22:29:52.043247",
    "key": "USE_TESTNET",
    "old": "false***",
    "new": "true***"
  },
  {
    "timestamp": "2025-05-23T22:30:39.378048",
    "key": "USE_TESTNET",
    "old": "true***",
    "new": "false***"
  },
  {
    "timestamp": "2025-05-23T22:30:49.092120",
    "key": "USE_TESTNET",
    "old": "false***",
    "new": "true***"
  },
  {
    "timestamp": "2025-05-23T22:36:48.355877",
    "key": "USE_TESTNET",
    "old": "true***",
    "new": "false***"
  },
  {
    "timestamp": "2025-05-23T22:37:18.671198",
    "key": "USE_TESTNET",
    "old": "false***",
    "new": "true***"
  },
  {
    "timestamp": "2025-05-24T00:46:07.437935",
    "key": "USE_TESTNET",
    "old": "true***",
    "new": "false***"
  },
  {
    "timestamp": "2025-05-24T00:46:11.044426",
    "key": "USE_TESTNET",
    "old": "false***",
    "new": "true***"
  },
  {
    "timestamp": "2025-05-24T17:55:38.762446",
    "key": "USE_TESTNET",
    "old": "true***",
    "new": "false***"
  },
  {
    "timestamp": "2025-05-24T17:55:41.461895",
    "key": "USE_TESTNET",
    "old": "false***",
    "new": "true***"
  }
]