[
  {
    "time": 1746622800,
    "open": 95826.14,
    "high": 95826.14,
    "low": 20077.9,
    "close": 95826.14
  },
  {
    "time": 1746626400,
    "open": 95826.14,
    "high": 99811.1,
    "low": 95826.14,
    "close": 96938.0
  },
  {
    "time": 1746630000,
    "open": 96938.0,
    "high": 97015.89,
    "low": 96769.83,
    "close": 96923.9
  },
  {
    "time": 1746633600,
    "open": 96923.9,
    "high": 96952.4,
    "low": 21206.1,
    "close": 96865.08
  },
  {
    "time": 1746637200,
    "open": 96865.08,
    "high": 96893.43,
    "low": 91900.0,
    "close": 96283.57
  }
]
